file,original_width,original_height,original_kb,alpha,generated_files,optimized_same_size_webp_kb,optimized_same_size_avif_kb
carousel3.png,2048,762,2606.8,True,8,295.5,236.2
carousel2.png,2048,761,2490.3,True,8,241.1,194.1
logo-master(1).png,1606,734,882.6,True,6,196.0,128.2
carousel1(1).png,1342,498,341.2,False,6,40.5,49.5
hero-inverter-battery.jpg,1000,743,95.3,False,4,84.8,89.0
sony-enterprises-logo(1).png,480,219,91.4,True,2,32.7,25.0
og-cover.jpg,1200,630,65.3,False,4,37.8,37.7
product-tractor-batteries.png,300,224,51.7,True,2,15.3,11.9
guide-rooftop-solar.webp,920,1280,39.8,True,4,57.4,63.8
product-lithium-alpha-dt-640.jpg,900,679,37.7,False,4,24.8,25.9
